Model,Model_Path,Variant,Dataset,Image_Type,Resolution,Loss,Optimizer,DeNoising,Attention,auc_roc_score_agg_absolute,auc_roc_score_agg_psnr,auc_roc_score_agg_squared,auc_roc_score_agg_ssim,auc_roc_score_mean_absolute,auc_roc_score_mean_psnr,auc_roc_score_mean_squared,auc_roc_score_mean_ssim,auc_roc_score_overall_absolute,auc_roc_score_overall_psnr,auc_roc_score_overall_squared,auc_roc_score_overall_ssim,eer_agg_absolute,eer_agg_psnr,eer_agg_squared,eer_agg_ssim,eer_overall_absolute,eer_overall_psnr,eer_overall_squared,eer_overall_ssim,pr_roc_score_agg_absolute,pr_roc_score_agg_psnr,pr_roc_score_agg_squared,pr_roc_score_agg_ssim,pr_roc_score_mean_absolute,pr_roc_score_mean_psnr,pr_roc_score_mean_squared,pr_roc_score_mean_ssim,pr_roc_score_overall_absolute,pr_roc_score_overall_psnr,pr_roc_score_overall_squared,pr_roc_score_overall_ssim,precision_absolute_agg,precision_squared_agg,precision_ssim_agg,precision_psnr_agg,recall_absolute_agg,recall_squared_agg,recall_ssim_agg,recall_psnr_agg,f1-score_absolute_agg,f1-score_squared_agg,f1-score_ssim_agg,f1-score_psnr_agg,support_absolute_agg,support_squared_agg,support_ssim_agg,support_psnr_agg,conf_mat_absolute_agg,conf_mat_squared_agg,conf_mat_ssim_agg,conf_mat_psnr_agg,precision_absolute_overall,precision_squared_overall,precision_ssim_overall,precision_psnr_overall,recall_absolute_overall,recall_squared_overall,recall_ssim_overall,recall_psnr_overall,f1-score_absolute_overall,f1-score_squared_overall,f1-score_ssim_overall,f1-score_psnr_overall,support_absolute_overall,support_squared_overall,support_ssim_overall,support_psnr_overall,conf_mat_absolute_overall,conf_mat_squared_overall,conf_mat_ssim_overall,conf_mat_psnr_overall
BICGRU_AE_64_3X3_L,BICGRU_AE_64_3X3_L-5_RL-1_DISDECONV-Y-_ADAM_MSE_MOVINGMNIST_GRAYSCALE-{MM}_.pkl,Normal,False,GRAYSCALE,64,MSE,ADAM,False,False,0.5497,0.5444,0.5539,0.5584,0.5188,0.5113,0.5215,0.5817,0.5048,0.4983,0.5074,0.5579,0.4558,0.4582,0.4563,0.4599,0.5052,0.5117,0.5056,0.4765,0.8831,0.8794,0.8841,0.9046,0.8767,0.8724,0.8776,0.902,0.8731,0.8685,0.8745,0.8935,0.8121,0.8154,0.8208,0.8157,0.4385,0.408,0.3716,0.4069,0.5145,0.4796,0.4347,0.4782,49980,49980,49980,49980,"4528,1764,26298,17390","4783,1509,28077,15611","5091,1201,30204,13484","4797,1495,28147,15541",0.8009,0.8013,0.8023,0.8018,0.8389,0.8395,0.8068,0.8427,0.8169,0.8173,0.8045,0.8185,49980,49980,49980,49980,"794,5498,2552,41136","795,5497,2527,41161","1298,4994,4664,39024","756,5536,2327,41361"
BICGRU_AE_64_3X3_L,BICGRU_AE_64_3X3_L-5_RL-2_DISDECONV-Y-_ADAM_MSE_MOVINGMNIST_GRAYSCALE-{MM}_.pkl,Normal,False,GRAYSCALE,64,MSE,ADAM,False,False,0.5727,0.571,0.5908,0.5688,0.518,0.5111,0.5216,0.5815,0.5048,0.4996,0.5089,0.5579,0.4329,0.4324,0.4199,0.4507,0.503,0.506,0.5017,0.4764,0.8866,0.8842,0.8906,0.9067,0.8762,0.8723,0.8776,0.902,0.8727,0.8684,0.8747,0.8934,0.8135,0.8189,0.8205,0.8112,0.5129,0.5203,0.4094,0.5416,0.5901,0.5965,0.4801,0.617,49980,49980,49980,49980,"4115,2177,22170,21518","4232,2060,21917,21771","4888,1404,28115,15573","3860,2432,20478,23210",0.8038,0.8037,0.803,0.8015,0.8472,0.8465,0.8112,0.8421,0.8208,0.8206,0.807,0.8182,49980,49980,49980,49980,"731,5561,2078,41610","740,5552,2118,41570","1263,5029,4405,39283","757,5535,2358,41330"
BICGRU_AE_64_3X3_L,BICGRU_AE_64_3X3_L-5_RL-3_DISDECONV-Y-_ADAM_MSE_MOVINGMNIST_GRAYSCALE-{MM}_.pkl,Normal,False,GRAYSCALE,64,MSE,ADAM,False,False,0.5699,0.5723,0.5954,0.574,0.5227,0.5133,0.5241,0.5808,0.5094,0.5008,0.5102,0.5582,0.434,0.4306,0.4147,0.4472,0.4979,0.5048,0.4992,0.4743,0.8862,0.8839,0.8914,0.9081,0.8778,0.8726,0.8782,0.902,0.8742,0.8683,0.875,0.8938,0.814,0.8164,0.8209,0.8137,0.4656,0.5671,0.4178,0.5005,0.5429,0.6393,0.4897,0.5781,49980,49980,49980,49980,"4415,1877,24834,18854","3867,2425,19212,24476","4854,1438,27660,16028","4196,2096,22869,20819",0.8027,0.8021,0.7999,0.8018,0.8438,0.8422,0.7931,0.8425,0.8194,0.8186,0.7964,0.8185,49980,49980,49980,49980,"760,5532,2273,41415","774,5518,2369,41319","1370,4922,5420,38268","759,5533,2337,41351"
BICGRU_AE_64_3X3_L,BICGRU_AE_64_3X3_L-5_RL-4_DISDECONV-Y-_ADAM_MSE_MOVINGMNIST_GRAYSCALE-{MM}_.pkl,Normal,False,GRAYSCALE,64,MSE,ADAM,False,False,0.5756,0.5789,0.5961,0.5893,0.5297,0.5224,0.5334,0.5859,0.5202,0.5139,0.5236,0.5635,0.4318,0.4274,0.4188,0.4372,0.4884,0.4933,0.4882,0.4714,0.8868,0.8846,0.8916,0.9111,0.8804,0.8759,0.8819,0.9037,0.8767,0.8715,0.8789,0.8955,0.8155,0.8148,0.8208,0.8147,0.4742,0.5651,0.4318,0.5061,0.5516,0.6377,0.5055,0.5835,49980,49980,49980,49980,"4405,1887,24393,19295","3826,2466,19269,24419","4776,1516,26881,16807","4192,2100,22585,21103",0.8015,0.8016,0.8021,0.8005,0.8404,0.8407,0.7981,0.8383,0.8177,0.8179,0.8001,0.8165,49980,49980,49980,49980,"787,5505,2472,41216","783,5509,2451,41237","1393,4899,5191,38497","791,5501,2581,41107"
BICGRU_AE_64_3X3_L,BICGRU_AE_64_3X3_L-5_RL-5_DISDECONV-Y-_ADAM_MSE_MOVINGMNIST_GRAYSCALE-{MM}_.pkl,Normal,False,GRAYSCALE,64,MSE,ADAM,False,False,0.6025,0.5951,0.6116,0.5913,0.5508,0.5395,0.557,0.5941,0.5489,0.5392,0.5556,0.5756,0.415,0.4176,0.4079,0.4421,0.4681,0.4715,0.4628,0.4604,0.8946,0.8888,0.8979,0.9063,0.89,0.8833,0.8924,0.9067,0.888,0.8798,0.8911,0.8994,0.8125,0.8162,0.8081,0.8166,0.64,0.6101,0.5012,0.5401,0.6991,0.6756,0.5795,0.6152,49980,49980,49980,49980,"3234,3058,14935,28753","3580,2712,16774,26914","4027,2265,22665,21023","4041,2251,20734,22954",0.7961,0.7963,0.8044,0.8,0.4982,0.5325,0.8138,0.8369,0.578,0.6098,0.8089,0.8157,49980,49980,49980,49980,"3684,2608,22473,21215","3437,2855,20509,23179","1282,5010,4298,39390","799,5493,2661,41027"
BICGRU_AE_64_3X3_L,BICGRU_AE_64_3X3_L-5_RL-1_DISDECONV-N-_ADAM_MSE_MOVINGMNIST_GRAYSCALE-{MM}_.pkl,Normal,False,GRAYSCALE,64,MSE,ADAM,False,False,0.5585,0.569,0.5836,0.549,0.5239,0.5107,0.5285,0.5787,0.5072,0.4999,0.5127,0.5538,0.4484,0.4329,0.4274,0.4732,0.5028,0.5029,0.4993,0.4783,0.8829,0.8785,0.8893,0.9066,0.8735,0.8654,0.8763,0.9012,0.8692,0.8586,0.873,0.8905,0.8171,0.811,0.8458,0.8101,0.411,0.5505,0.3067,0.5165,0.4813,0.6242,0.3409,0.5929,49980,49980,49980,49980,"4905,1460,27979,15636","3903,2462,20002,23613","5844,521,34129,9486","4094,2271,21896,21719",0.8051,0.8058,0.8011,0.8068,0.8434,0.8454,0.8041,0.8485,0.8205,0.8214,0.8026,0.8226,49980,49980,49980,49980,"881,5484,2342,41273","862,5503,2224,41391","1358,5007,4784,38831","824,5541,2033,41582"
BICGRU_AE_64_3X3_L,BICGRU_AE_64_3X3_L-5_RL-2_DISDECONV-N-_ADAM_MSE_MOVINGMNIST_GRAYSCALE-{MM}_.pkl,Normal,False,GRAYSCALE,64,MSE,ADAM,False,False,0.5658,0.5722,0.5887,0.5571,0.5351,0.5231,0.5416,0.5854,0.523,0.5164,0.5301,0.5641,0.4426,0.4301,0.4262,0.4636,0.4878,0.4891,0.4838,0.4684,0.8848,0.8801,0.8915,0.9084,0.8781,0.8708,0.882,0.904,0.8742,0.8638,0.8792,0.8946,0.8122,0.8148,0.8512,0.8197,0.477,0.5268,0.2986,0.4511,0.5539,0.6022,0.3281,0.5255,49980,49980,49980,49980,"4401,1964,24177,19438","4173,2192,21457,22158","5932,433,34623,8992","4748,1617,25819,17796",0.8046,0.8037,0.8001,0.8042,0.8433,0.8407,0.7962,0.843,0.8202,0.8189,0.7981,0.8198,49980,49980,49980,49980,"867,5498,2332,41283","889,5476,2486,41129","1418,4947,5240,38375","861,5504,2342,41273"
BICGRU_AE_64_3X3_L,BICGRU_AE_64_3X3_L-5_RL-3_DISDECONV-N-_ADAM_MSE_MOVINGMNIST_GRAYSCALE-{MM}_.pkl,Normal,False,GRAYSCALE,64,MSE,ADAM,False,False,0.6109,0.6107,0.6281,0.5268,0.57,0.5572,0.5831,0.6032,0.5669,0.5628,0.5834,0.5886,0.4098,0.4025,0.3962,0.512,0.4474,0.444,0.4346,0.4451,0.8955,0.8879,0.9011,0.8845,0.8923,0.8831,0.898,0.9116,0.8892,0.8755,0.8958,0.9035,0.8196,0.8193,0.8015,0.8168,0.531,0.6121,0.7976,0.6181,0.6057,0.6767,0.7995,0.6815,49980,49980,49980,49980,"4292,2073,21366,22249","3780,2585,16800,26815","1451,4914,5201,38414","3649,2716,16370,27245",0.7994,0.8041,0.8112,0.8009,0.586,0.6025,0.4284,0.6526,0.6549,0.6685,0.5023,0.7069,49980,49980,49980,49980,"3255,3110,17582,26033","3301,3064,16802,26813","4668,1697,26872,16743","2797,3568,13795,29820"
BICLSTM_AE_64_3X3_L,BICLSTM_AE_64_3X3_L-5_RL-1_DISDECONV-Y-_ADAM_MSE_MOVINGMNIST_GRAYSCALE-{MM}_.pkl,Normal,False,GRAYSCALE,64,MSE,ADAM,False,False,0.5617,0.5526,0.572,0.5737,0.5175,0.5098,0.5207,0.5794,0.5035,0.4972,0.5067,0.5567,0.4389,0.4487,0.436,0.447,0.5048,0.5092,0.5038,0.4761,0.8845,0.8803,0.8873,0.9055,0.8758,0.8716,0.8773,0.9014,0.8723,0.8677,0.8744,0.8932,0.8061,0.8115,0.817,0.8121,0.555,0.527,0.4157,0.4558,0.6292,0.6035,0.4881,0.533,49980,49980,49980,49980,"3602,2690,19550,24138","3964,2328,21315,22373","4776,1516,27686,16002","4423,1869,25331,18357",0.8032,0.8008,0.8008,0.8014,0.8463,0.839,0.8007,0.8425,0.8203,0.8169,0.8007,0.8183,49980,49980,49980,49980,"730,5562,2122,41566","791,5501,2547,41141","1315,4977,4986,38702","748,5544,2327,41361"
BICLSTM_AE_64_3X3_L,BICLSTM_AE_64_3X3_L-5_RL-2_DISDECONV-Y-_ADAM_MSE_MOVINGMNIST_GRAYSCALE-{MM}_.pkl,Normal,False,GRAYSCALE,64,MSE,ADAM,False,False,0.5649,0.5622,0.5809,0.5796,0.5192,0.5116,0.5222,0.5823,0.5052,0.499,0.5081,0.5582,0.437,0.4399,0.4305,0.4428,0.5023,0.5076,0.5031,0.4767,0.8852,0.8823,0.8888,0.9093,0.8763,0.8722,0.8775,0.9021,0.8726,0.8682,0.8744,0.8934,0.8135,0.8164,0.8245,0.8145,0.4723,0.4855,0.415,0.4479,0.55,0.563,0.4858,0.5242,49980,49980,49980,49980,"4361,1931,24441,19247","4364,1928,23785,19903","4947,1345,27893,15795","4532,1760,25836,17852",0.8043,0.8025,0.8039,0.8015,0.8485,0.8431,0.8179,0.8423,0.8214,0.819,0.8106,0.8183,49980,49980,49980,49980,"719,5573,2001,41687","768,5524,2319,41369","1208,5084,4016,39672","756,5536,2348,41340"
BICLSTM_AE_64_3X3_L,BICLSTM_AE_64_3X3_L-5_RL-3_DISDECONV-Y-_ADAM_MSE_MOVINGMNIST_GRAYSCALE-{MM}_.pkl,Normal,False,GRAYSCALE,64,MSE,ADAM,False,False,0.5636,0.5764,0.5952,0.5911,0.5255,0.5177,0.5282,0.5839,0.5143,0.5075,0.517,0.5609,0.4434,0.428,0.4177,0.4336,0.4968,0.4976,0.494,0.4741,0.8854,0.8845,0.8914,0.9115,0.8791,0.8743,0.8799,0.9029,0.8758,0.8703,0.8769,0.8945,0.8132,0.8191,0.8219,0.8115,0.4676,0.5215,0.4479,0.5478,0.5451,0.5977,0.523,0.6225,49980,49980,49980,49980,"4382,1910,24701,18987","4231,2061,21855,21833","4717,1575,26017,17671","3829,2463,20139,23549",0.8021,0.8023,0.8024,0.8005,0.842,0.8423,0.8043,0.8381,0.8185,0.8187,0.8033,0.8164,49980,49980,49980,49980,"777,5515,2384,41304","778,5514,2370,41318","1332,4960,4823,38865","795,5497,2596,41092"
BICLSTM_AE_64_3X3_L,BICLSTM_AE_64_3X3_L-5_RL-4_DISDECONV-Y-_ADAM_MSE_MOVINGMNIST_GRAYSCALE-{MM}_.pkl,Normal,False,GRAYSCALE,64,MSE,ADAM,False,False,0.5717,0.5724,0.5756,0.585,0.5364,0.5298,0.5398,0.5868,0.5282,0.5232,0.5321,0.5648,0.4353,0.4331,0.4325,0.4397,0.484,0.4867,0.4826,0.47,0.8876,0.8847,0.8889,0.91,0.8839,0.8797,0.885,0.9042,0.8807,0.8757,0.8822,0.896,0.8135,0.8135,0.8255,0.8135,0.4844,0.4901,0.3931,0.4874,0.5622,0.5679,0.4598,0.5652,49980,49980,49980,49980,"4288,2004,23768,19920","4255,2037,23448,20240","5076,1216,29119,14569","4272,2020,23602,20086",0.804,0.8029,0.8006,0.802,0.8473,0.8443,0.7863,0.8422,0.821,0.8196,0.7931,0.8185,49980,49980,49980,49980,"735,5557,2076,41612","758,5534,2249,41439","1472,4820,5863,37825","771,5521,2368,41320"
BICLSTM_AE_64_3X3_L,BICLSTM_AE_64_3X3_L-5_RL-5_DISDECONV-Y-_ADAM_MSE_MOVINGMNIST_GRAYSCALE-{MM}_.pkl,Normal,False,GRAYSCALE,64,MSE,ADAM,False,False,0.5466,0.5467,0.5478,0.5852,0.5145,0.5048,0.5143,0.5742,0.503,0.4981,0.5036,0.5588,0.4544,0.4548,0.4536,0.4404,0.4968,0.4987,0.4967,0.4695,0.8763,0.8724,0.8761,0.9047,0.8724,0.8667,0.872,0.9006,0.866,0.8578,0.8655,0.8953,0.8171,0.8142,0.8172,0.8166,0.3493,0.3673,0.444,0.3623,0.4069,0.4307,0.5195,0.4239,49980,49980,49980,49980,"5140,1152,31372,12316","4988,1304,30316,13372","4623,1669,26119,17569","5061,1231,30640,13048",0.8018,0.8017,0.8075,0.8014,0.8411,0.841,0.378,0.8412,0.8181,0.818,0.4455,0.8179,49980,49980,49980,49980,"782,5510,2431,41257","782,5510,2438,41250","4790,1502,29586,14102","770,5522,2415,41273"
BICRNN_AE_64_3X3_L,BICRNN_AE_64_3X3_L-5_RL-1_DISDECONV-N-_ADAM_MSE_MOVINGMNIST_GRAYSCALE-{MM}_.pkl,Normal,False,GRAYSCALE,64,MSE,ADAM,False,False,0.5525,0.5401,0.5422,0.5952,0.5188,0.5233,0.5274,0.5784,0.505,0.5117,0.5158,0.5624,0.4523,0.4603,0.4585,0.4286,0.4991,0.4936,0.4913,0.4637,0.8806,0.8794,0.8813,0.9077,0.875,0.8768,0.8791,0.9012,0.8709,0.8737,0.8763,0.8959,0.8039,0.8092,0.817,0.8139,0.5052,0.4328,0.5019,0.3774,0.5838,0.5087,0.5791,0.4433,49980,49980,49980,49980,"3875,2417,22311,21377","4490,1802,26548,17140","4285,2007,22888,20800","4924,1368,29748,13940",0.8004,0.8055,0.8027,0.8043,0.8375,0.8518,0.4256,0.8497,0.8162,0.8227,0.502,0.8217,49980,49980,49980,49980,"801,5491,2631,41057","681,5611,1797,41891","4375,1917,26794,16894","694,5598,1912,41776"
BICRNN_AE_64_3X3_L,BICRNN_AE_64_3X3_L-5_RL-2_DISDECONV-N-_ADAM_MSE_MOVINGMNIST_GRAYSCALE-{MM}_.pkl,Normal,False,GRAYSCALE,64,MSE,ADAM,False,False,0.5295,0.5465,0.5469,0.4739,0.5174,0.5126,0.5193,0.4955,0.5075,0.5052,0.51,0.4968,0.466,0.4482,0.4525,0.5184,0.4982,0.4977,0.4968,0.5019,0.8758,0.8795,0.8805,0.8595,0.8761,0.8738,0.8773,0.8671,0.8719,0.8689,0.8734,0.8669,0.816,0.8097,0.7818,0.8122,0.3514,0.4721,0.8314,0.4531,0.4099,0.5504,0.8039,0.5302,49980,49980,49980,49980,"5109,1183,31236,12452","4259,2033,24349,19339","401,5891,2536,41152","4443,1849,25484,18204",0.8022,0.8021,0.7855,0.8038,0.8436,0.8433,0.7909,0.8494,0.819,0.8189,0.7882,0.8212,49980,49980,49980,49980,"751,5541,2274,41414","753,5539,2293,41395","882,5410,5042,38646","685,5607,1920,41768"
BICRNN_AE_64_3X3_L,BICRNN_AE_64_3X3_L-5_RL-3_DISDECONV-N-_ADAM_MSE_MOVINGMNIST_GRAYSCALE-{MM}_.pkl,Normal,False,GRAYSCALE,64,MSE,ADAM,False,False,0.5298,0.5372,0.5445,0.5066,0.5173,0.5065,0.5189,0.489,0.5076,0.502,0.5097,0.5004,0.4634,0.4531,0.4553,0.4928,0.4983,0.4997,0.498,0.4941,0.8758,0.8775,0.8799,0.8822,0.8762,0.8708,0.8772,0.8604,0.872,0.8643,0.8732,0.8581,0.8159,0.8076,0.8014,0.8084,0.351,0.4859,0.3586,0.469,0.4094,0.5646,0.4226,0.5474,49980,49980,49980,49980,"5110,1182,31256,12432","4111,2181,23513,20175","4789,1503,30554,13134","4242,2050,24488,19200",0.802,0.8006,0.7852,0.8014,0.8433,0.8385,0.687,0.8455,0.8188,0.8166,0.7281,0.819,49980,49980,49980,49980,"752,5540,2294,41394","793,5499,2575,41113","1785,4507,11137,32551","696,5596,2126,41562"
BICRNN_AE_64_3X3_L,BICRNN_AE_64_3X3_L-5_RL-4_DISDECONV-N-_ADAM_MSE_MOVINGMNIST_GRAYSCALE-{MM}_.pkl,Normal,False,GRAYSCALE,64,MSE,ADAM,False,False,0.5475,0.5372,0.5465,0.4741,0.5183,0.5049,0.5189,0.4888,0.5085,0.5011,0.5096,0.5022,0.4523,0.4531,0.4536,0.5218,0.4985,0.4992,0.4981,0.4943,0.8799,0.8764,0.8803,0.8695,0.8765,0.8699,0.8771,0.863,0.8721,0.8629,0.8731,0.8594,0.8071,0.8073,0.7857,0.8102,0.4971,0.503,0.8218,0.4586,0.5756,0.5813,0.8022,0.5363,49980,49980,49980,49980,"4025,2267,22869,20819","3993,2299,22542,21146","589,5703,3203,40485","4357,1935,25123,18565",0.8031,0.8033,0.7844,0.8014,0.8462,0.8469,0.6928,0.8457,0.8202,0.8205,0.7317,0.8191,49980,49980,49980,49980,"729,5563,2122,41566","721,5571,2081,41607","1705,4587,10765,32923","692,5600,2114,41574"
BICRNN_AE_64_3X3_L,BICRNN_AE_64_3X3_L-5_RL-5_DISDECONV-N-_ADAM_MSE_MOVINGMNIST_GRAYSCALE-{MM}_.pkl,Normal,False,GRAYSCALE,64,MSE,ADAM,False,False,0.5435,0.5245,0.5464,0.475,0.5165,0.4968,0.5179,0.4359,0.5076,0.4986,0.5094,0.4545,0.4507,0.4522,0.4516,0.5131,0.4975,0.4945,0.4975,0.5151,0.8784,0.8725,0.8799,0.8789,0.8757,0.8661,0.8768,0.8567,0.8709,0.8573,0.8725,0.8465,0.8091,0.8086,0.8045,0.8,0.463,0.4962,0.2934,0.5483,0.5411,0.5745,0.3326,0.6236,49980,49980,49980,49980,"4299,1993,24844,18844","4075,2217,22965,20723","5261,1031,34285,9403","3446,2846,19731,23957",0.8006,0.8007,0.0158,0.8011,0.8385,0.8387,0.1259,0.8471,0.8166,0.8167,0.0282,0.8192,49980,49980,49980,49980,"791,5501,2569,41119","790,5502,2558,41130","6292,0,43688,0","660,5632,2012,41676"
CGRU_AE_64_3X3_L,CGRU_AE_64_3X3_L-5_RL-1_DISDECONV-Y-_ADAM_MSE_MOVINGMNIST_GRAYSCALE-{MM}_.pkl,Normal,False,GRAYSCALE,64,MSE,ADAM,False,False,0.552,0.5549,0.571,0.5691,0.5175,0.5111,0.5211,0.5821,0.503,0.4976,0.5067,0.5579,0.4525,0.4482,0.4375,0.4495,0.5077,0.5103,0.5054,0.4766,0.8832,0.8818,0.8876,0.9081,0.8758,0.8723,0.8773,0.9021,0.8723,0.8686,0.8745,0.8934,0.8118,0.8143,0.821,0.8148,0.4509,0.4645,0.4177,0.4389,0.5279,0.5417,0.4895,0.5144,49980,49980,49980,49980,"4445,1847,25596,18092","4431,1861,24905,18783","4857,1435,27670,16018","4593,1699,26347,17341",0.8015,0.8009,0.8021,0.8012,0.8413,0.8388,0.8,0.8411,0.818,0.8169,0.801,0.8178,49980,49980,49980,49980,"772,5520,2412,41276","796,5496,2560,41128","1371,4921,5074,38614","767,5525,2417,41271"
CGRU_AE_64_3X3_L,CGRU_AE_64_3X3_L-5_RL-2_DISDECONV-Y-_ADAM_MSE_MOVINGMNIST_GRAYSCALE-{MM}_.pkl,Normal,False,GRAYSCALE,64,MSE,ADAM,False,False,0.5659,0.5702,0.5905,0.5668,0.5178,0.5102,0.5203,0.5802,0.5038,0.497,0.5061,0.5569,0.4388,0.4315,0.4186,0.455,0.5051,0.5091,0.5049,0.4767,0.8855,0.8838,0.8906,0.9051,0.876,0.8719,0.8771,0.9017,0.8723,0.8679,0.8739,0.8932,0.8131,0.8158,0.8182,0.8114,0.4753,0.5555,0.4006,0.5392,0.5531,0.6292,0.4703,0.6148,49980,49980,49980,49980,"4334,1958,24265,19423","3920,2372,19843,23845","4885,1407,28551,15137","3882,2410,20620,23068",0.8012,0.8025,0.8013,0.8019,0.8393,0.8433,0.8003,0.843,0.8172,0.8191,0.8008,0.8187,49980,49980,49980,49980,"795,5497,2536,41152","765,5527,2304,41384","1338,4954,5026,38662","753,5539,2309,41379"
CGRU_AE_64_3X3_L,CGRU_AE_64_3X3_L-5_RL-3_DISDECONV-Y-_ADAM_MSE_MOVINGMNIST_GRAYSCALE-{MM}_.pkl,Normal,False,GRAYSCALE,64,MSE,ADAM,False,False,0.5635,0.5631,0.5846,0.5839,0.5196,0.5113,0.5216,0.5799,0.5064,0.4993,0.5083,0.5572,0.4356,0.4383,0.4223,0.4388,0.503,0.5059,0.5046,0.4758,0.885,0.882,0.8893,0.9112,0.8768,0.872,0.8774,0.9018,0.8732,0.8679,0.8742,0.8936,0.8072,0.8145,0.8234,0.8091,0.5553,0.5421,0.4322,0.5209,0.6294,0.6172,0.5054,0.5981,49980,49980,49980,49980,"3639,2653,19575,24113","3962,2330,20558,23130","4835,1457,26921,16767","3929,2363,21583,22105",0.8018,0.8021,0.8006,0.8016,0.8413,0.8424,0.7944,0.8421,0.8181,0.8186,0.7975,0.8183,49980,49980,49980,49980,"780,5512,2421,41267","771,5521,2358,41330","1383,4909,5366,38322","761,5531,2363,41325"
CGRU_AE_64_3X3_L,CGRU_AE_64_3X3_L-5_RL-4_DISDECONV-Y-_ADAM_MSE_MOVINGMNIST_GRAYSCALE-{MM}_.pkl,Normal,False,GRAYSCALE,64,MSE,ADAM,False,False,0.5553,0.5584,0.5737,0.5914,0.5221,0.5132,0.5242,0.5824,0.5104,0.5025,0.512,0.5595,0.4499,0.4465,0.4355,0.4344,0.4978,0.5043,0.4995,0.475,0.8828,0.8807,0.8869,0.9114,0.8775,0.8726,0.8783,0.9024,0.8736,0.8682,0.875,0.8941,0.8137,0.8122,0.8183,0.8131,0.4378,0.5043,0.4703,0.4555,0.5134,0.582,0.5472,0.5325,49980,49980,49980,49980,"4571,1721,26376,17312","4128,2164,22610,21078","4502,1790,24684,19004","4451,1841,25374,18314",0.8025,0.8022,0.8024,0.8011,0.8437,0.8429,0.8062,0.8405,0.8192,0.8188,0.8042,0.8175,49980,49980,49980,49980,"757,5535,2276,41412","763,5529,2323,41365","1306,4986,4702,38986","772,5520,2451,41237"
CGRU_AE_64_3X3_L,CGRU_AE_64_3X3_L-5_RL-5_DISDECONV-Y-_ADAM_MSE_MOVINGMNIST_GRAYSCALE-{MM}_.pkl,Normal,False,GRAYSCALE,64,MSE,ADAM,False,False,0.5986,0.5851,0.6033,0.5895,0.5441,0.5336,0.5498,0.5915,0.5389,0.5295,0.5447,0.5716,0.4164,0.4255,0.4161,0.4418,0.4765,0.4815,0.4722,0.4614,0.893,0.8865,0.8954,0.9053,0.8871,0.8808,0.8894,0.9056,0.8845,0.8768,0.8876,0.8981,0.8136,0.8183,0.8049,0.814,0.6001,0.5338,0.5499,0.5269,0.6674,0.6093,0.6248,0.6033,49980,49980,49980,49980,"3556,2736,17250,26438","4134,2158,21144,22544","3599,2693,19802,23886","4044,2248,21396,22292",0.8014,0.8014,0.803,0.8007,0.8404,0.8399,0.807,0.8391,0.8177,0.8175,0.8049,0.8169,49980,49980,49980,49980,"785,5507,2471,41217","790,5502,2498,41190","1319,4973,4675,39013","786,5506,2538,41150"
CGRU_AE_64_3X3_L,CGRU_AE_64_3X3_L-5_RL-1_DISDECONV-N-_ADAM_MSE_MOVINGMNIST_GRAYSCALE-{MM}_.pkl,Normal,False,GRAYSCALE,64,MSE,ADAM,False,False,0.5694,0.5668,0.5816,0.5673,0.5176,0.5116,0.5214,0.5833,0.5035,0.4982,0.5075,0.5584,0.4371,0.4374,0.4269,0.4552,0.5071,0.5092,0.5046,0.4783,0.8861,0.8833,0.8891,0.907,0.8759,0.8723,0.8774,0.9024,0.8724,0.8685,0.8744,0.8933,0.8129,0.812,0.819,0.817,0.4859,0.5439,0.4123,0.4346,0.5638,0.619,0.4838,0.5092,49980,49980,49980,49980,"4264,2028,23667,20021","3873,2419,20378,23310","4839,1453,27919,15769","4670,1622,26639,17049",0.8021,0.8024,0.8035,0.8018,0.8419,0.8424,0.8106,0.842,0.8185,0.8188,0.8069,0.8184,49980,49980,49980,49980,"779,5513,2390,41298","778,5514,2365,41323","1290,5002,4466,39222","768,5524,2371,41317"
CGRU_AE_64_3X3_L,CGRU_AE_64_3X3_L-5_RL-2_DISDECONV-N-_ADAM_MSE_MOVINGMNIST_GRAYSCALE-{MM}_.pkl,Normal,False,GRAYSCALE,64,MSE,ADAM,False,False,0.5448,0.5589,0.5742,0.5517,0.5212,0.5134,0.5243,0.5694,0.5086,0.5017,0.5116,0.551,0.4572,0.446,0.4342,0.4652,0.5013,0.5045,0.5,0.4765,0.881,0.8813,0.8875,0.9009,0.877,0.8729,0.8785,0.8995,0.873,0.8687,0.8753,0.8927,0.8149,0.8138,0.8129,0.812,0.408,0.4838,0.3956,0.4747,0.4796,0.5616,0.4655,0.5527,49980,49980,49980,49980,"4773,1519,28069,15619","4300,1992,23806,19882","4799,1493,28715,14973","4306,1986,24266,19422",0.802,0.8019,0.797,0.8023,0.8416,0.8417,0.8101,0.8435,0.8184,0.8184,0.8033,0.8191,49980,49980,49980,49980,"782,5510,2407,41281","776,5516,2394,41294","1067,5225,4266,39422","757,5535,2289,41399"
CGRU_AE_64_3X3_L,CGRU_AE_64_3X3_L-5_RL-3_DISDECONV-N-_ADAM_MSE_MOVINGMNIST_GRAYSCALE-{MM}_.pkl,Normal,False,GRAYSCALE,64,MSE,ADAM,False,False,0.5842,0.5738,0.583,0.5236,0.5505,0.5316,0.5473,0.5872,0.5483,0.5298,0.5442,0.5724,0.4302,0.4369,0.432,0.5122,0.4645,0.4798,0.4701,0.4625,0.8889,0.8829,0.8894,0.8845,0.8886,0.8797,0.8875,0.9047,0.8851,0.875,0.8849,0.8987,0.8114,0.8124,0.8034,0.8121,0.5475,0.5368,0.8092,0.4968,0.6223,0.6125,0.8063,0.5747,49980,49980,49980,49980,"3828,2464,20151,23537","3929,2363,20787,22901","1306,4986,4549,39139","4172,2120,23031,20657",0.795,0.8003,0.8008,0.7999,0.5489,0.8384,0.8022,0.8417,0.6244,0.8164,0.8015,0.8172,49980,49980,49980,49980,"3270,3022,19523,24165","785,5507,2571,41117","1298,4994,4893,38795","719,5573,2338,41350"
CGRU_AE_64_3X3_L,CGRU_AE_64_3X3_L-5_RL-4_DISDECONV-N-_ADAM_MSE_MOVINGMNIST_GRAYSCALE-{MM}_.pkl,Normal,False,GRAYSCALE,64,MSE,ADAM,False,False,0.6431,0.6458,0.6501,0.5577,0.6019,0.5949,0.6044,0.6337,0.6122,0.6081,0.6143,0.6322,0.3795,0.3736,0.373,0.48,0.4053,0.406,0.4058,0.4135,0.9029,0.8996,0.9051,0.8973,0.9068,0.9016,0.9076,0.9207,0.9042,0.8971,0.9053,0.9171,0.8269,0.8292,0.807,0.828,0.6679,0.6766,0.8151,0.6992,0.7216,0.7285,0.8109,0.7451,49980,49980,49980,49980,"3576,2716,13883,29805","3600,2692,13471,30217","1359,4933,4310,39378","3392,2900,12134,31554",0.8178,0.8179,0.8273,0.8172,0.6067,0.5962,0.4749,0.6247,0.6728,0.6641,0.5505,0.6874,49980,49980,49980,49980,"3660,2632,17026,26662","3731,2561,17623,26065","4712,1580,24666,19022","3517,2775,15984,27704"
CGRU_AE_64_3X3_L,CGRU_AE_64_3X3_L-5_RL-5_DISDECONV-N-_ADAM_MSE_MOVINGMNIST_GRAYSCALE-{MM}_.pkl,Normal,False,GRAYSCALE,64,MSE,ADAM,False,False,0.5411,0.4573,0.5456,0.5558,0.5159,0.4922,0.5177,0.503,0.5069,0.5012,0.5091,0.4952,0.4515,0.5448,0.4526,0.4394,0.4973,0.4916,0.4977,0.5044,0.8777,0.8704,0.8796,0.8761,0.8754,0.864,0.8766,0.868,0.8703,0.8563,0.8723,0.8592,0.8093,0.8085,0.8112,0.8008,0.4494,0.4961,0.4853,0.8472,0.5267,0.5745,0.5634,0.819,49980,49980,49980,49980,"4390,1902,25615,18073","4071,2221,22963,20725","4220,2072,23653,20035","649,5643,1996,41692",0.8005,0.8006,0.8012,0.8006,0.8382,0.8386,0.8428,0.8464,0.8165,0.8167,0.8182,0.8188,49980,49980,49980,49980,"794,5498,2587,41101","791,5501,2566,41122","738,5554,2302,41386","658,5634,2044,41644"
CLSTM_AE_64_3X3_L,CLSTM_AE_64_3X3_L-5_RL-1_DISDECONV-Y-_ADAM_MSE_MOVINGMNIST_GRAYSCALE-{MM}_.pkl,Normal,False,GRAYSCALE,64,MSE,ADAM,False,False,0.5548,0.5519,0.5653,0.5813,0.5161,0.509,0.5198,0.5806,0.5023,0.4969,0.5062,0.5574,0.4488,0.4514,0.4439,0.4437,0.5065,0.5101,0.504,0.4765,0.8827,0.8792,0.8854,0.9059,0.8755,0.8712,0.8771,0.9018,0.8712,0.8665,0.8734,0.8935,0.8145,0.8135,0.8153,0.8135,0.4136,0.461,0.4179,0.4344,0.4862,0.5383,0.4909,0.5097,49980,49980,49980,49980,"4732,1560,27746,15942","4430,1862,25076,18612","4725,1567,27527,16161","4587,1705,26564,17124",0.8029,0.8009,0.801,0.8005,0.8456,0.8389,0.7985,0.8386,0.8199,0.8169,0.7998,0.8166,49980,49980,49980,49980,"736,5556,2163,41525","794,5498,2556,41132","1350,4942,5127,38561","786,5506,2562,41126"
CLSTM_AE_64_3X3_L,CLSTM_AE_64_3X3_L-5_RL-2_DISDECONV-Y-_ADAM_MSE_MOVINGMNIST_GRAYSCALE-{MM}_.pkl,Normal,False,GRAYSCALE,64,MSE,ADAM,False,False,0.5468,0.5552,0.576,0.5694,0.519,0.5121,0.5223,0.5807,0.5054,0.5,0.509,0.5578,0.4572,0.4503,0.4354,0.4501,0.503,0.5056,0.5002,0.4757,0.882,0.8809,0.8881,0.9067,0.8765,0.8726,0.878,0.9018,0.8727,0.8686,0.8749,0.8935,0.8142,0.8129,0.8209,0.8147,0.423,0.5017,0.4071,0.4261,0.497,0.5794,0.4774,0.5002,49980,49980,49980,49980,"4669,1623,27213,16475","4166,2126,22779,20909","4909,1383,28250,15438","4665,1627,27059,16629",0.8035,0.8022,0.8013,0.8016,0.8464,0.8426,0.8012,0.8418,0.8205,0.8188,0.8013,0.8182,49980,49980,49980,49980,"737,5555,2123,41565","770,5522,2347,41341","1327,4965,4969,38719","766,5526,2379,41309"
CLSTM_AE_64_3X3_L,CLSTM_AE_64_3X3_L-5_RL-3_DISDECONV-Y-_ADAM_MSE_MOVINGMNIST_GRAYSCALE-{MM}_.pkl,Normal,False,GRAYSCALE,64,MSE,ADAM,False,False,0.5614,0.5495,0.5634,0.5782,0.5221,0.5141,0.5246,0.5801,0.5094,0.502,0.5114,0.5578,0.4418,0.4539,0.4466,0.4431,0.4989,0.504,0.5005,0.4757,0.8843,0.8793,0.8855,0.9092,0.8775,0.873,0.8785,0.9018,0.8736,0.8685,0.8752,0.8937,0.8134,0.816,0.8275,0.8134,0.453,0.422,0.3916,0.4249,0.5298,0.4954,0.4576,0.4992,49980,49980,49980,49980,"4474,1818,25522,18166","4719,1573,27317,16371","5124,1168,29241,14447","4640,1652,27092,16596",0.8016,0.8017,0.8009,0.8005,0.8407,0.8411,0.8031,0.8382,0.8179,0.8181,0.802,0.8164,49980,49980,49980,49980,"785,5507,2453,41235","782,5510,2433,41255","1289,5003,4840,38848","792,5500,2587,41101"
CLSTM_AE_64_3X3_L,CLSTM_AE_64_3X3_L-5_RL-4_DISDECONV-Y-_ADAM_MSE_MOVINGMNIST_GRAYSCALE-{MM}_.pkl,Normal,False,GRAYSCALE,64,MSE,ADAM,False,False,0.583,0.5818,0.598,0.5983,0.532,0.5253,0.5351,0.5856,0.5219,0.5166,0.5251,0.5632,0.4245,0.4261,0.4132,0.4295,0.4904,0.4911,0.4876,0.4722,0.8888,0.8857,0.892,0.9133,0.8818,0.8776,0.8828,0.9037,0.8782,0.8732,0.8796,0.8954,0.811,0.8158,0.8217,0.814,0.5714,0.5771,0.4601,0.5263,0.6433,0.648,0.536,0.6027,49980,49980,49980,49980,"3659,2633,18787,24901","3783,2509,18628,25060","4646,1646,25339,18349","4046,2246,21431,22257",0.803,0.8018,0.8015,0.8022,0.8445,0.841,0.7952,0.8431,0.8197,0.8181,0.7983,0.8189,49980,49980,49980,49980,"757,5535,2235,41453","786,5506,2443,41245","1407,4885,5350,38338","761,5531,2312,41376"
CLSTM_AE_64_3X3_L,CLSTM_AE_64_3X3_L-5_RL-5_DISDECONV-Y-_ADAM_MSE_MOVINGMNIST_GRAYSCALE-{MM}_.pkl,Normal,False,GRAYSCALE,64,MSE,ADAM,False,False,0.5588,0.5536,0.5491,0.5557,0.5247,0.5156,0.518,0.5575,0.508,0.5002,0.5027,0.541,0.4464,0.4485,0.4515,0.4643,0.503,0.5051,0.5032,0.4811,0.889,0.8817,0.8816,0.8988,0.8809,0.8739,0.875,0.8959,0.8779,0.8698,0.8712,0.8908,0.8018,0.8164,0.8116,0.8022,0.5751,0.3544,0.3949,0.5626,0.6466,0.4137,0.465,0.636,49980,49980,49980,49980,"3314,2978,18260,25428","5101,1191,31077,12611","4775,1517,28726,14962","3417,2875,18985,24703",0.8035,0.8039,0.8023,0.8035,0.8459,0.8467,0.3477,0.8454,0.8204,0.8208,0.4083,0.8202,49980,49980,49980,49980,"747,5545,2157,41531","743,5549,2115,41573","4878,1414,31190,12498","754,5538,2188,41500"
CLSTM_AE_64_3X3_L,CLSTM_AE_64_3X3_L-5_RL-1_DISDECONV-N-_ADAM_MSE_MOVINGMNIST_GRAYSCALE-{MM}_.pkl,Normal,False,GRAYSCALE,64,MSE,ADAM,False,False,0.5477,0.5589,0.5673,0.5616,0.5173,0.5104,0.5204,0.5809,0.5029,0.4969,0.5063,0.557,0.4543,0.4453,0.4409,0.4585,0.5052,0.5105,0.5045,0.4787,0.8823,0.8817,0.8866,0.9043,0.8759,0.872,0.8773,0.902,0.8723,0.8679,0.8742,0.8931,0.8127,0.8132,0.8183,0.8132,0.4291,0.4805,0.3962,0.4613,0.5039,0.5584,0.465,0.5386,49980,49980,49980,49980,"4600,1692,26844,16844","4305,1987,23976,19712","4912,1380,28800,14888","4420,1872,25054,18634",0.8022,0.8025,0.8027,0.8014,0.8419,0.8426,0.8102,0.8409,0.8186,0.8189,0.8063,0.8178,49980,49980,49980,49980,"780,5512,2388,41300","776,5516,2349,41339","1267,5025,4463,39225","776,5516,2435,41253"
CLSTM_AE_64_3X3_L,CLSTM_AE_64_3X3_L-5_RL-2_DISDECONV-N-_ADAM_MSE_MOVINGMNIST_GRAYSCALE-{MM}_.pkl,Normal,False,GRAYSCALE,64,MSE,ADAM,False,False,0.5043,0.5194,0.513,0.5752,0.5139,0.5129,0.5137,0.5653,0.4979,0.4966,0.4975,0.5491,0.496,0.4859,0.4914,0.4458,0.5128,0.5118,0.5108,0.4748,0.8753,0.8772,0.876,0.9034,0.8751,0.8737,0.874,0.8984,0.8718,0.8701,0.8704,0.8931,0.817,0.8168,0.8156,0.8136,0.3531,0.3527,0.4247,0.3759,0.4119,0.4115,0.4985,0.4415,49980,49980,49980,49980,"5118,1174,31158,12530","5117,1175,31175,12513","4694,1598,27157,16531","4927,1365,29830,13858",0.8038,0.8034,0.8059,0.8032,0.8461,0.845,0.3606,0.8448,0.8206,0.8201,0.4242,0.8199,49980,49980,49980,49980,"751,5541,2151,41537","759,5533,2213,41475","4865,1427,30528,13160","758,5534,2222,41466"
CLSTM_AE_64_3X3_L,CLSTM_AE_64_3X3_L-5_RL-3_DISDECONV-N-_ADAM_MSE_MOVINGMNIST_GRAYSCALE-{MM}_.pkl,Normal,False,GRAYSCALE,64,MSE,ADAM,False,False,0.5275,0.5359,0.5352,0.5148,0.582,0.5874,0.5878,0.571,0.5694,0.5752,0.5758,0.5588,0.4781,0.4734,0.4733,0.518,0.4607,0.4574,0.457,0.4685,0.8998,0.9019,0.9019,0.8813,0.9055,0.9073,0.9075,0.9012,0.9007,0.9023,0.9025,0.8973,0.8449,0.8487,0.7941,0.8486,0.2749,0.2766,0.7861,0.2752,0.2959,0.2978,0.79,0.2957,49980,49980,49980,49980,"5845,447,35795,7893","5879,413,35741,7947","1230,5062,5629,38059","5882,410,35815,7873",0.8143,0.8151,0.8151,0.8167,0.3914,0.4095,0.3526,0.3949,0.4602,0.4813,0.4118,0.4638,49980,49980,49980,49980,"4853,1439,28980,14708","4769,1523,27989,15699","5086,1206,31150,12538","4886,1406,28839,14849"
CLSTM_AE_64_3X3_L,CLSTM_AE_64_3X3_L-5_RL-4_DISDECONV-N-_ADAM_MSE_MOVINGMNIST_GRAYSCALE-{MM}_.pkl,Normal,False,GRAYSCALE,64,MSE,ADAM,False,False,0.5444,0.5353,0.5469,0.477,0.5169,0.5006,0.5181,0.4606,0.5081,0.4998,0.5096,0.4786,0.4511,0.4477,0.4512,0.5145,0.498,0.4961,0.497,0.5065,0.8788,0.8753,0.8801,0.8783,0.876,0.868,0.8769,0.8615,0.8714,0.86,0.8727,0.856,0.808,0.8089,0.8077,0.8088,0.4881,0.4925,0.2518,0.4798,0.5667,0.5709,0.2677,0.5583,49980,49980,49980,49980,"4108,2184,23401,20287","4108,2184,23182,20506","5555,737,36658,7030","4185,2107,23892,19796",0.8004,0.8006,0.7834,0.801,0.8379,0.8387,0.3665,0.8458,0.8163,0.8167,0.4369,0.8188,49980,49980,49980,49980,"797,5495,2609,41079","790,5502,2562,41126","4348,1944,29718,13970","678,5614,2094,41594"
CLSTM_AE_64_3X3_L,CLSTM_AE_64_3X3_L-5_RL-5_DISDECONV-N-_ADAM_MSE_MOVINGMNIST_GRAYSCALE-{MM}_.pkl,Normal,False,GRAYSCALE,64,MSE,ADAM,False,False,0.5411,0.4573,0.5456,0.5558,0.5159,0.4922,0.5177,0.503,0.5069,0.5012,0.5091,0.4952,0.4515,0.5448,0.4526,0.4394,0.4973,0.4916,0.4977,0.5044,0.8777,0.8704,0.8796,0.8761,0.8754,0.864,0.8766,0.868,0.8703,0.8563,0.8723,0.8592,0.8093,0.8085,0.8112,0.8008,0.4494,0.4961,0.4853,0.8472,0.5267,0.5745,0.5634,0.819,49980,49980,49980,49980,"4390,1902,25615,18073","4071,2221,22963,20725","4220,2072,23653,20035","649,5643,1996,41692",0.8005,0.8006,0.8012,0.8006,0.8382,0.8386,0.8428,0.8464,0.8165,0.8167,0.8182,0.8188,49980,49980,49980,49980,"794,5498,2587,41101","791,5501,2566,41122","738,5554,2302,41386","658,5634,2044,41644"
CRNN_AE_64_3X3_L,CRNN_AE_64_3X3_L-5_RL-1_DISDECONV-Y-_ADAM_MSE_MOVINGMNIST_GRAYSCALE-{MM}_.pkl,Normal,False,GRAYSCALE,64,MSE,ADAM,False,False,0.5421,0.5242,0.53,0.592,0.521,0.5285,0.5304,0.5792,0.5057,0.5129,0.5151,0.557,0.461,0.4793,0.4765,0.4293,0.5001,0.5004,0.4992,0.4714,0.8823,0.8833,0.8846,0.9082,0.8777,0.882,0.8829,0.9007,0.8743,0.8801,0.8809,0.8932,0.8081,0.8149,0.815,0.8149,0.4381,0.3581,0.5015,0.358,0.5148,0.4188,0.579,0.4188,49980,49980,49980,49980,"4430,1862,26221,17467","5052,1240,30843,12845","4229,2063,22850,20838","5053,1239,30847,12841",0.8037,0.8048,0.7992,0.8048,0.8473,0.8504,0.8021,0.8503,0.8208,0.822,0.8006,0.822,49980,49980,49980,49980,"725,5567,2064,41624","694,5598,1881,41807","1238,5054,4836,38852","695,5597,1885,41803"
CRNN_AE_64_3X3_L,CRNN_AE_64_3X3_L-5_RL-2_DISDECONV-Y-_ADAM_MSE_MOVINGMNIST_GRAYSCALE-{MM}_.pkl,Normal,False,GRAYSCALE,64,MSE,ADAM,False,False,0.5551,0.5491,0.5538,0.4487,0.5188,0.511,0.5199,0.4817,0.5085,0.504,0.51,0.4943,0.445,0.4463,0.4464,0.5334,0.4985,0.5016,0.4973,0.4998,0.8815,0.8791,0.8818,0.8518,0.8765,0.8726,0.8772,0.8574,0.8722,0.8673,0.8734,0.8562,0.81,0.8105,0.784,0.8099,0.5062,0.4924,0.8339,0.4869,0.5841,0.5706,0.8059,0.5652,49980,49980,49980,49980,"4051,2241,22437,21251","4155,2137,23231,20457","425,5867,2436,41252","4173,2119,23528,20160",0.8029,0.8033,0.7853,0.8008,0.8456,0.8467,0.7264,0.8426,0.8199,0.8204,0.7528,0.8179,49980,49980,49980,49980,"733,5559,2157,41531","725,5567,2094,41594","1453,4839,8835,34853","730,5562,2306,41382"
CRNN_AE_64_3X3_L,CRNN_AE_64_3X3_L-5_RL-3_DISDECONV-Y-_ADAM_MSE_MOVINGMNIST_GRAYSCALE-{MM}_.pkl,Normal,False,GRAYSCALE,64,MSE,ADAM,False,False,0.5551,0.5496,0.5554,0.4762,0.5186,0.5135,0.5199,0.4716,0.5075,0.5045,0.5091,0.4832,0.4456,0.448,0.446,0.5105,0.5001,0.5019,0.5013,0.5078,0.8817,0.879,0.8825,0.8645,0.8761,0.8736,0.8769,0.8566,0.872,0.8692,0.8734,0.8545,0.8094,0.8092,0.7818,0.8097,0.491,0.5037,0.8283,0.466,0.5693,0.5818,0.8027,0.544,49980,49980,49980,49980,"4132,2160,23281,20407","4044,2248,22558,21130","429,5863,2718,40970","4298,1994,24697,18991",0.8037,0.8037,0.7813,0.8037,0.8479,0.8476,0.7324,0.8487,0.8209,0.8208,0.7549,0.821,49980,49980,49980,49980,"715,5577,2027,41661","717,5575,2040,41648","1245,5047,8327,35361","697,5595,1969,41719"
CRNN_AE_64_3X3_L,CRNN_AE_64_3X3_L-5_RL-4_DISDECONV-Y-_ADAM_MSE_MOVINGMNIST_GRAYSCALE-{MM}_.pkl,Normal,False,GRAYSCALE,64,MSE,ADAM,False,False,0.5584,0.5527,0.5588,0.4253,0.5198,0.5147,0.5212,0.474,0.5086,0.5056,0.5103,0.4864,0.4456,0.4469,0.4437,0.557,0.4995,0.5013,0.4989,0.5044,0.8824,0.8798,0.8833,0.8425,0.8765,0.874,0.8773,0.858,0.8726,0.8698,0.874,0.855,0.8083,0.8103,0.7829,0.8103,0.5213,0.4998,0.8441,0.4861,0.5986,0.5779,0.8088,0.5644,49980,49980,49980,49980,"3902,2390,21536,22152","4101,2191,22807,20881","303,5989,1802,41886","4188,2104,23580,20108",0.8038,0.8038,0.7827,0.8044,0.8479,0.8479,0.7325,0.8505,0.821,0.821,0.7554,0.8218,49980,49980,49980,49980,"716,5576,2026,41662","716,5576,2026,41662","1299,4993,8379,35309","680,5612,1862,41826"
CRNN_AE_64_3X3_L,CRNN_AE_64_3X3_L-5_RL-5_DISDECONV-Y-_ADAM_MSE_MOVINGMNIST_GRAYSCALE-{MM}_.pkl,Normal,False,GRAYSCALE,64,MSE,ADAM,False,False,0.5529,0.548,0.5525,0.4522,0.5186,0.5113,0.5196,0.4752,0.5082,0.5041,0.5097,0.4873,0.4488,0.4471,0.4477,0.5327,0.4998,0.5022,0.4978,0.5022,0.8811,0.8788,0.8816,0.852,0.8765,0.8729,0.8772,0.8568,0.8723,0.8678,0.8735,0.8546,0.8087,0.8108,0.7834,0.8092,0.5084,0.4883,0.8233,0.49,0.5863,0.5665,0.8015,0.5684,49980,49980,49980,49980,"4000,2292,22279,21409","4188,2104,23470,20218","514,5778,3055,40633","4131,2161,23328,20360",0.8028,0.8031,0.783,0.8005,0.8457,0.8464,0.7242,0.8408,0.8199,0.8202,0.7507,0.8172,49980,49980,49980,49980,"731,5561,2150,41538","727,5565,2114,41574","1382,4910,8874,34814","749,5543,2412,41276"
CRNN_AE_64_3X3_L,CRNN_AE_64_3X3_L-5_RL-1_DISDECONV-N-_ADAM_MSE_MOVINGMNIST_GRAYSCALE-{MM}_.pkl,Normal,False,GRAYSCALE,64,MSE,ADAM,False,False,0.5384,0.5528,0.5585,0.5849,0.5237,0.5282,0.5327,0.5824,0.5114,0.5183,0.5229,0.5701,0.4655,0.4541,0.4474,0.4432,0.4934,0.4866,0.4843,0.4614,0.8793,0.8826,0.8851,0.9024,0.8779,0.8794,0.8818,0.9034,0.8741,0.8766,0.8792,0.8986,0.8139,0.809,0.812,0.8146,0.3713,0.4629,0.4709,0.3791,0.4357,0.541,0.5488,0.4452,49980,49980,49980,49980,"4960,1332,30091,13597","4297,1995,24849,18839","4329,1963,24479,19209","4930,1362,29673,14015",0.8003,0.8005,0.8094,0.8028,0.8373,0.8383,0.3971,0.8458,0.8161,0.8165,0.468,0.8199,49980,49980,49980,49980,"802,5490,2643,41045","793,5499,2584,41104","4714,1578,28556,15132","729,5563,2146,41542"
CRNN_AE_64_3X3_L,CRNN_AE_64_3X3_L-5_RL-2_DISDECONV-N-_ADAM_MSE_MOVINGMNIST_GRAYSCALE-{MM}_.pkl,Normal,False,GRAYSCALE,64,MSE,ADAM,False,False,0.5257,0.5328,0.5396,0.4057,0.5173,0.5088,0.5189,0.474,0.5077,0.5031,0.5098,0.489,0.469,0.4608,0.4598,0.5772,0.5002,0.5012,0.4988,0.5032,0.8753,0.8763,0.8791,0.8332,0.8762,0.8721,0.8772,0.8562,0.872,0.8664,0.8734,0.8552,0.8167,0.8085,0.7857,0.8115,0.3464,0.4566,0.8461,0.4314,0.4033,0.5344,0.8107,0.5068,49980,49980,49980,49980,"5148,1144,31521,12167","4324,1968,25192,18496","334,5958,1736,41952","4556,1736,26682,17006",0.8007,0.8028,0.7839,0.8008,0.8387,0.8456,0.7927,0.8429,0.8167,0.8199,0.7882,0.818,49980,49980,49980,49980,"790,5502,2559,41129","733,5559,2158,41530","811,5481,4882,38806","724,5568,2282,41406"
CRNN_AE_64_3X3_L,CRNN_AE_64_3X3_L-5_RL-3_DISDECONV-N-_ADAM_MSE_MOVINGMNIST_GRAYSCALE-{MM}_.pkl,Normal,False,GRAYSCALE,64,MSE,ADAM,False,False,0.5339,0.5318,0.5443,0.5073,0.5171,0.5033,0.5188,0.4855,0.5075,0.5004,0.5096,0.4983,0.4625,0.4542,0.4549,0.4933,0.4986,0.4986,0.4982,0.4959,0.8766,0.8765,0.8798,0.8834,0.8761,0.8692,0.8771,0.8601,0.8719,0.8619,0.8731,0.8579,0.8157,0.8075,0.8,0.8033,0.3514,0.4852,0.373,0.502,0.41,0.5638,0.441,0.5809,49980,49980,49980,49980,"5105,1187,31232,12456","4115,2177,23555,20133","4663,1629,29708,13980","3876,2416,22472,21216",0.8021,0.8006,0.7843,0.8012,0.8436,0.8386,0.7203,0.8455,0.819,0.8167,0.7488,0.8189,49980,49980,49980,49980,"747,5545,2270,41418","792,5500,2569,41119","1467,4825,9155,34533","688,5604,2116,41572"
CRNN_AE_64_3X3_L,CRNN_AE_64_3X3_L-5_RL-4_DISDECONV-N-_ADAM_MSE_MOVINGMNIST_GRAYSCALE-{MM}_.pkl,Normal,False,GRAYSCALE,64,MSE,ADAM,False,False,0.5469,0.5495,0.5506,0.5077,0.5179,0.5146,0.5192,0.5044,0.5084,0.5064,0.5101,0.5045,0.4491,0.4479,0.449,0.4948,0.4987,0.4989,0.4973,0.4974,0.8797,0.8804,0.8811,0.8739,0.8763,0.8749,0.8773,0.8729,0.8719,0.8703,0.8735,0.8737,0.8088,0.8091,0.7853,0.8117,0.477,0.4992,0.7386,0.4679,0.5555,0.5775,0.76,0.5457,49980,49980,49980,49980,"4204,2088,24051,19637","4071,2221,22807,20881","1345,4947,8118,35570","4339,1953,24641,19047",0.8008,0.8029,0.7863,0.8034,0.8391,0.8461,0.8047,0.8477,0.8169,0.8201,0.7951,0.8207,49980,49980,49980,49980,"786,5506,2535,41153","726,5566,2124,41564","777,5515,4248,39440","708,5584,2028,41660"
CRNN_AE_64_3X3_L,CRNN_AE_64_3X3_L-5_RL-5_DISDECONV-N-_ADAM_MSE_MOVINGMNIST_GRAYSCALE-{MM}_.pkl,Normal,False,GRAYSCALE,64,MSE,ADAM,False,False,0.5432,0.5233,0.5463,0.472,0.5164,0.4966,0.5179,0.4307,0.5075,0.4986,0.5093,0.4519,0.4504,0.4536,0.4517,0.5144,0.4975,0.4946,0.4975,0.5159,0.8784,0.8722,0.8799,0.8784,0.8757,0.866,0.8767,0.8554,0.8708,0.8571,0.8725,0.8449,0.8089,0.8086,0.8039,0.7996,0.4629,0.4959,0.3,0.5453,0.541,0.5743,0.3424,0.6209,49980,49980,49980,49980,"4296,1996,24849,18839","4077,2215,22980,20708","5211,1081,33907,9781","3455,2837,19891,23797",0.8006,0.8007,0.0158,0.8011,0.8384,0.8387,0.1259,0.847,0.8166,0.8167,0.0282,0.8192,49980,49980,49980,49980,"792,5500,2576,41112","790,5502,2558,41130","6292,0,43688,0","660,5632,2015,41673"
CRNN_AE_64_3X3_SEQ2SEQ_L,CRNN_AE_64_3X3_SEQ2SEQ_L-5_RL-1_DISDECONV-N-_ADAM_MSE_MOVINGMNIST_GRAYSCALE-{MM}_.pkl,Seq2Seq,False,GRAYSCALE,64,MSE,ADAM,False,False,0.5551,0.548,0.5528,0.4559,0.5187,0.5119,0.5199,0.4765,0.508,0.5041,0.5095,0.489,0.4427,0.4474,0.4455,0.5288,0.5005,0.5013,0.4992,0.5069,0.8815,0.8778,0.8817,0.8587,0.8764,0.873,0.8772,0.8572,0.8721,0.8679,0.8734,0.8553,0.8103,0.8101,0.7837,0.8095,0.4912,0.4919,0.8574,0.4786,0.5694,0.5701,0.8128,0.5569,49956,49956,49956,49956,"4159,2133,23283,20381","4148,2144,23240,20424","183,6109,1017,42647","4216,2076,23973,19691",0.8034,0.8031,0.7835,0.8024,0.8472,0.8463,0.7157,0.8469,0.8206,0.8202,0.7457,0.82,49956,49956,49956,49956,"719,5573,2060,41604","729,5563,2114,41550","1478,4814,9388,34276","698,5594,2052,41612"
CRNN_AE_64_3X3_SEQ2SEQ_L,CRNN_AE_64_3X3_SEQ2SEQ_L-5_RL-2_DISDECONV-N-_ADAM_MSE_MOVINGMNIST_GRAYSCALE-{MM}_.pkl,Seq2Seq,False,GRAYSCALE,64,MSE,ADAM,False,False,0.5384,0.5458,0.5483,0.4866,0.5178,0.5111,0.5192,0.4912,0.5081,0.5046,0.51,0.4938,0.4542,0.4477,0.4495,0.5101,0.4987,0.4995,0.4982,0.5047,0.8776,0.8789,0.8806,0.8594,0.8763,0.873,0.8773,0.8643,0.8718,0.8675,0.8732,0.8613,0.8168,0.81,0.7858,0.8105,0.3465,0.479,0.8179,0.4773,0.4033,0.5572,0.8006,0.5555,49956,49956,49956,49956,"5151,1141,31505,12159","4227,2065,23964,19700","632,5660,3438,40226","4251,2041,24070,19594",0.8007,0.801,0.7846,0.802,0.8387,0.8396,0.7668,0.8458,0.8167,0.8172,0.7754,0.8194,49956,49956,49956,49956,"793,5499,2559,41105","787,5505,2508,41156","1072,5220,6429,37235","708,5584,2120,41544"
CRNN_AE_64_3X3_SEQ2SEQ_L,CRNN_AE_64_3X3_SEQ2SEQ_L-5_RL-3_DISDECONV-N-_ADAM_MSE_MOVINGMNIST_GRAYSCALE-{MM}_.pkl,Seq2Seq,False,GRAYSCALE,64,MSE,ADAM,False,False,0.5397,0.5467,0.5539,0.5193,0.5177,0.5048,0.5189,0.4878,0.5082,0.5012,0.5099,0.5017,0.4531,0.4441,0.4436,0.4822,0.4995,0.4992,0.4971,0.4901,0.8779,0.8772,0.8815,0.8883,0.8764,0.8697,0.8771,0.8609,0.8719,0.8627,0.873,0.859,0.8013,0.809,0.8079,0.8106,0.5202,0.5078,0.3844,0.4887,0.5982,0.5857,0.4532,0.5669,49956,49956,49956,49956,"3690,2602,21365,22299","4014,2278,22309,21355","4760,1532,29219,14445","4182,2110,23431,20233",0.8004,0.8006,0.7842,0.8006,0.8374,0.838,0.726,0.8431,0.8161,0.8164,0.7522,0.818,49956,49956,49956,49956,"803,5489,2632,41032","800,5492,2600,41064","1416,4876,8810,34854","718,5574,2265,41399"
CRNN_AE_64_3X3_SEQ2SEQ_L,CRNN_AE_64_3X3_SEQ2SEQ_L-5_RL-4_DISDECONV-N-_ADAM_MSE_MOVINGMNIST_GRAYSCALE-{MM}_.pkl,Seq2Seq,False,GRAYSCALE,64,MSE,ADAM,False,False,0.4982,0.4851,0.4967,0.4827,0.5102,0.4868,0.513,0.4772,0.5079,0.4893,0.5108,0.4945,0.4955,0.511,0.5065,0.504,0.5019,0.5008,0.4997,0.4993,0.8724,0.8757,0.8714,0.8725,0.8747,0.8659,0.8752,0.861,0.8749,0.8607,0.8756,0.859,0.8023,0.8022,0.789,0.7996,0.8584,0.8584,0.2224,0.8587,0.8212,0.8211,0.2221,0.8197,49956,49956,49956,49956,"456,5836,1238,42426","456,5836,1240,42424","5567,725,38120,5544","396,5896,1163,42501",0.8022,0.8023,0.7826,0.7991,0.8583,0.8584,0.636,0.858,0.8211,0.8212,0.6927,0.8195,49956,49956,49956,49956,"457,5835,1244,42420","456,5836,1238,42426","2111,4181,14003,29661","401,5891,1202,42462"
CRNN_AE_64_3X3_SEQ2SEQ_L,CRNN_AE_64_3X3_SEQ2SEQ_L-5_RL-5_DISDECONV-N-_ADAM_MSE_MOVINGMNIST_GRAYSCALE-{MM}_.pkl,Seq2Seq,False,GRAYSCALE,64,MSE,ADAM,False,False,0.4865,0.47,0.4866,0.459,0.5098,0.4514,0.5128,0.4938,0.5091,0.4547,0.512,0.5076,0.5153,0.5191,0.5147,0.5456,0.4949,0.5217,0.4945,0.4901,0.8698,0.8719,0.8672,0.862,0.8737,0.8602,0.8739,0.8641,0.8744,0.8509,0.8743,0.8612,0.8023,0.8022,0.7979,0.7877,0.8584,0.8583,0.8537,0.2787,0.8212,0.8212,0.8185,0.3147,49956,49956,49956,49956,"457,5835,1238,42426","457,5835,1242,42422","462,5830,1478,42186","5123,1169,34865,8799",0.8023,0.8023,0.7867,0.7954,0.8584,0.8584,0.6976,0.8663,0.8212,0.8212,0.7354,0.8175,49956,49956,49956,49956,"457,5835,1238,42426","457,5835,1238,42426","1758,4534,10574,33090","177,6115,566,43098"
